{
  "camera_name": "Camera",
  "camera_type": "PERSP",
  "width": 1920,
  "height": 1080,
  "fx": 2133.3333333333335,
  "fy": 2133.3333333333335,
  "cx": 960.0,
  "cy": 540.0,
  "aspect_ratio": 1.7777777777777777,
  "K": [
    [
      2133.3333333333335,
      0,
      960.0
    ],
    [
      0,
      2133.3333333333335,
      540.0
    ],
    [
      0,
      0,
      1
    ]
  ],
  "c2w_blender": [
    [
      -0.0033647194504737854,
      -0.06348969042301178,
      0.9979768395423889,
      3.427711009979248
    ],
    [
      0.9999943375587463,
      -0.0002156268310500309,
      0.003357803914695978,
      -0.6182817220687866
    ],
    [
      2.0046588815603172e-06,
      0.9979824423789978,
      0.06349005550146103,
      1.3772249221801758
    ],
    [
      0.0,
      0.0,
      0.0,
      1.0
    ]
  ],
  "c2w_opencv": [
    [
      -0.0033647194504737854,
      0.06348969042301178,
      -0.9979768395423889,
      3.427711009979248
    ],
    [
      0.9999943375587463,
      0.0002156268310500309,
      -0.003357803914695978,
      -0.6182817220687866
    ],
    [
      2.0046588815603172e-06,
      -0.9979824423789978,
      -0.06349005550146103,
      1.3772249221801758
    ],
    [
      0.0,
      0.0,
      0.0,
      1.0
    ]
  ],
  "znear": 0.10000000149011612,
  "zfar": 100.0
}