{
  "camera_name": "Camera",
  "camera_type": "PERSP",
  "width": 1920,
  "height": 1080,
  "fx": 960.0,
  "fy": 960.0,
  "cx": 960.0,
  "cy": 540.0,
  "aspect_ratio": 1.7777777777777777,
  "K": [
    [
      960.0,
      0,
      960.0
    ],
    [
      0,
      960.0,
      540.0
    ],
    [
      0,
      0,
      1
    ]
  ],
  "c2w_blender": [
    [
      -0.01752803847193718,
      0.48225343227386475,
      -0.8758563995361328,
      -1.250571846961975
    ],
    [
      -0.9998463988304138,
      -0.008454076014459133,
      0.015354501083493233,
      3.124382495880127
    ],
    [
      2.042098969923245e-07,
      0.8759909272193909,
      0.48232752084732056,
      1.9397060871124268
    ],
    [
      0.0,
      0.0,
      0.0,
      1.0
    ]
  ],
  "c2w_opencv": [
    [
      -0.01752803847193718,
      -0.48225343227386475,
      0.8758563995361328,
      -1.250571846961975
    ],
    [
      -0.9998463988304138,
      0.008454076014459133,
      -0.015354501083493233,
      3.124382495880127
    ],
    [
      2.042098969923245e-07,
      -0.8759909272193909,
      -0.48232752084732056,
      1.9397060871124268
    ],
    [
      0.0,
      0.0,
      0.0,
      1.0
    ]
  ],
  "znear": 0.10000000149011612,
  "zfar": 100.0
}