{
  "camera_name": "Camera",
  "camera_type": "PERSP",
  "width": 1920,
  "height": 1080,
  "fx": 1280.0,
  "fy": 1280.0,
  "cx": 960.0,
  "cy": 540.0,
  "aspect_ratio": 1.7777777777777777,
  "K": [
    [
      1280.0,
      0,
      960.0
    ],
    [
      0,
      1280.0,
      540.0
    ],
    [
      0,
      0,
      1
    ]
  ],
  "c2w_blender": [
    [
      -0.882121205329895,
      0.07154187560081482,
      -0.46555763483047485,
      2.96382999420166
    ],
    [
      -0.47102245688438416,
      -0.1339942216873169,
      0.8718849420547485,
      2.426255702972412
    ],
    [
      -5.745532234868733e-06,
      0.9883963465690613,
      0.15189696848392487,
      1.348482608795166
    ],
    [
      0.0,
      0.0,
      0.0,
      1.0
    ]
  ],
  "c2w_opencv": [
    [
      -0.882121205329895,
      -0.07154187560081482,
      0.46555763483047485,
      2.96382999420166
    ],
    [
      -0.47102245688438416,
      0.1339942216873169,
      -0.8718849420547485,
      2.426255702972412
    ],
    [
      -5.745532234868733e-06,
      -0.9883963465690613,
      -0.15189696848392487,
      1.348482608795166
    ],
    [
      0.0,
      0.0,
      0.0,
      1.0
    ]
  ],
  "znear": 0.10000000149011612,
  "zfar": 100.0
}