{
  "camera_name": "Camera",
  "camera_type": "PERSP",
  "width": 1920,
  "height": 1080,
  "fx": 2666.6666666666665,
  "fy": 2666.6666666666665,
  "cx": 960.0,
  "cy": 540.0,
  "aspect_ratio": 1.7777777777777777,
  "K": [
    [
      2666.6666666666665,
      0,
      960.0
    ],
    [
      0,
      2666.6666666666665,
      540.0
    ],
    [
      0,
      0,
      1
    ]
  ],
  "c2w_blender": [
    [
      0.9895459413528442,
      -0.012168649584054947,
      0.14370357990264893,
      3.3505852222442627
    ],
    [
      0.14421787858009338,
      0.08349557965993881,
      -0.986017107963562,
      -8.26939582824707
    ],
    [
      -1.1765768448412928e-07,
      0.9964338541030884,
      0.08437765389680862,
      1.2765498161315918
    ],
    [
      0.0,
      0.0,
      0.0,
      1.0
    ]
  ],
  "c2w_opencv": [
    [
      0.9895459413528442,
      0.012168649584054947,
      -0.14370357990264893,
      3.3505852222442627
    ],
    [
      0.14421787858009338,
      -0.08349557965993881,
      0.986017107963562,
      -8.26939582824707
    ],
    [
      -1.1765768448412928e-07,
      -0.9964338541030884,
      -0.08437765389680862,
      1.2765498161315918
    ],
    [
      0.0,
      0.0,
      0.0,
      1.0
    ]
  ],
  "znear": 0.10000000149011612,
  "zfar": 100.0
}