{
  "camera_name": "Camera",
  "camera_type": "PERSP",
  "width": 1920,
  "height": 1080,
  "fx": 1280.0,
  "fy": 1280.0,
  "cx": 960.0,
  "cy": 540.0,
  "aspect_ratio": 1.7777777777777777,
  "K": [
    [
      1280.0,
      0,
      960.0
    ],
    [
      0,
      1280.0,
      540.0
    ],
    [
      0,
      0,
      1
    ]
  ],
  "c2w_blender": [
    [
      0.5850576758384705,
      -0.14834322035312653,
      0.7973091006278992,
      -2.9427666664123535
    ],
    [
      0.8109917044639587,
      0.10701161623001099,
      -0.5751877427101135,
      2.532188892364502
    ],
    [
      3.862664925691206e-06,
      0.98312908411026,
      0.18291307985782623,
      1.3723945617675781
    ],
    [
      0.0,
      0.0,
      0.0,
      1.0
    ]
  ],
  "c2w_opencv": [
    [
      0.5850576758384705,
      0.14834322035312653,
      -0.7973091006278992,
      -2.9427666664123535
    ],
    [
      0.8109917044639587,
      -0.10701161623001099,
      0.5751877427101135,
      2.532188892364502
    ],
    [
      3.862664925691206e-06,
      -0.98312908411026,
      -0.18291307985782623,
      1.3723945617675781
    ],
    [
      0.0,
      0.0,
      0.0,
      1.0
    ]
  ],
  "znear": 0.10000000149011612,
  "zfar": 100.0
}