{
  "camera_name": "Camera",
  "camera_type": "PERSP",
  "width": 1920,
  "height": 1080,
  "fx": 2133.3333333333335,
  "fy": 2133.3333333333335,
  "cx": 960.0,
  "cy": 540.0,
  "aspect_ratio": 1.7777777777777777,
  "K": [
    [
      2133.3333333333335,
      0,
      960.0
    ],
    [
      0,
      2133.3333333333335,
      540.0
    ],
    [
      0,
      0,
      1
    ]
  ],
  "c2w_blender": [
    [
      0.9835870265960693,
      -0.0320698507130146,
      0.17756158113479614,
      3.8700175285339355
    ],
    [
      0.180434450507164,
      0.17480702698230743,
      -0.9679286479949951,
      -7.86038875579834
    ],
    [
      2.317396592843579e-06,
      0.9840803146362305,
      0.1777244210243225,
      1.8211991786956787
    ],
    [
      0.0,
      0.0,
      0.0,
      1.0
    ]
  ],
  "c2w_opencv": [
    [
      0.9835870265960693,
      0.0320698507130146,
      -0.17756158113479614,
      3.8700175285339355
    ],
    [
      0.180434450507164,
      -0.17480702698230743,
      0.9679286479949951,
      -7.86038875579834
    ],
    [
      2.317396592843579e-06,
      -0.9840803146362305,
      -0.1777244210243225,
      1.8211991786956787
    ],
    [
      0.0,
      0.0,
      0.0,
      1.0
    ]
  ],
  "znear": 0.10000000149011612,
  "zfar": 100.0
}