{
  "camera_name": "Camera",
  "camera_type": "PERSP",
  "width": 1920,
  "height": 1080,
  "fx": 960.0,
  "fy": 960.0,
  "cx": 960.0,
  "cy": 540.0,
  "aspect_ratio": 1.7777777777777777,
  "K": [
    [
      960.0,
      0,
      960.0
    ],
    [
      0,
      960.0,
      540.0
    ],
    [
      0,
      0,
      1
    ]
  ],
  "c2w_blender": [
    [
      -0.585004448890686,
      0.0768790915608406,
      -0.8073781132698059,
      1.6269512176513672
    ],
    [
      -0.8110300898551941,
      -0.05545364320278168,
      0.5823702216148376,
      -2.1551387310028076
    ],
    [
      3.7955494747166085e-08,
      0.9954971075057983,
      0.09479188174009323,
      1.0466339588165283
    ],
    [
      0.0,
      0.0,
      0.0,
      1.0
    ]
  ],
  "c2w_opencv": [
    [
      -0.585004448890686,
      -0.0768790915608406,
      0.8073781132698059,
      1.6269512176513672
    ],
    [
      -0.8110300898551941,
      0.05545364320278168,
      -0.5823702216148376,
      -2.1551387310028076
    ],
    [
      3.7955494747166085e-08,
      -0.9954971075057983,
      -0.09479188174009323,
      1.0466339588165283
    ],
    [
      0.0,
      0.0,
      0.0,
      1.0
    ]
  ],
  "znear": 0.10000000149011612,
  "zfar": 100.0
}