{
  "camera_name": "Camera",
  "camera_type": "PERSP",
  "width": 1920,
  "height": 1080,
  "fx": 960.0,
  "fy": 960.0,
  "cx": 960.0,
  "cy": 540.0,
  "aspect_ratio": 1.7777777777777777,
  "K": [
    [
      960.0,
      0,
      960.0
    ],
    [
      0,
      960.0,
      540.0
    ],
    [
      0,
      0,
      1
    ]
  ],
  "c2w_blender": [
    [
      0.9999746084213257,
      0.002031132113188505,
      -0.006828521378338337,
      -1.4820544719696045
    ],
    [
      -0.007124197669327259,
      0.2846166789531708,
      -0.9586149454116821,
      -1.2887969017028809
    ],
    [
      -3.5624957490654197e-06,
      0.9586392641067505,
      0.284623920917511,
      1.1288961172103882
    ],
    [
      0.0,
      0.0,
      0.0,
      1.0
    ]
  ],
  "c2w_opencv": [
    [
      0.9999746084213257,
      -0.002031132113188505,
      0.006828521378338337,
      -1.4820544719696045
    ],
    [
      -0.007124197669327259,
      -0.2846166789531708,
      0.9586149454116821,
      -1.2887969017028809
    ],
    [
      -3.5624957490654197e-06,
      -0.9586392641067505,
      -0.284623920917511,
      1.1288961172103882
    ],
    [
      0.0,
      0.0,
      0.0,
      1.0
    ]
  ],
  "znear": 0.10000000149011612,
  "zfar": 100.0
}