{
  "camera_name": "Camera",
  "camera_type": "PERSP",
  "width": 1920,
  "height": 1080,
  "fx": 1097.142857142857,
  "fy": 1097.142857142857,
  "cx": 960.0,
  "cy": 540.0,
  "aspect_ratio": 1.7777777777777777,
  "K": [
    [
      1097.142857142857,
      0,
      960.0
    ],
    [
      0,
      1097.142857142857,
      540.0
    ],
    [
      0,
      0,
      1
    ]
  ],
  "c2w_blender": [
    [
      0.8965316414833069,
      -0.044285014271736145,
      0.4407605528831482,
      0.8207457065582275
    ],
    [
      0.44297972321510315,
      0.08962442725896835,
      -0.8920406103134155,
      -1.3083454370498657
    ],
    [
      1.1193716318302904e-06,
      0.9949905872344971,
      0.09996850043535233,
      1.2276723384857178
    ],
    [
      0.0,
      0.0,
      0.0,
      1.0
    ]
  ],
  "c2w_opencv": [
    [
      0.8965316414833069,
      0.044285014271736145,
      -0.4407605528831482,
      0.8207457065582275
    ],
    [
      0.44297972321510315,
      -0.08962442725896835,
      0.8920406103134155,
      -1.3083454370498657
    ],
    [
      1.1193716318302904e-06,
      -0.9949905872344971,
      -0.09996850043535233,
      1.2276723384857178
    ],
    [
      0.0,
      0.0,
      0.0,
      1.0
    ]
  ],
  "znear": 0.10000000149011612,
  "zfar": 100.0
}