{
  "camera_name": "Camera",
  "camera_type": "PERSP",
  "width": 1920,
  "height": 1080,
  "fx": 2666.6666666666665,
  "fy": 2666.6666666666665,
  "cx": 960.0,
  "cy": 540.0,
  "aspect_ratio": 1.7777777777777777,
  "K": [
    [
      2666.6666666666665,
      0,
      960.0
    ],
    [
      0,
      2666.6666666666665,
      540.0
    ],
    [
      0,
      0,
      1
    ]
  ],
  "c2w_blender": [
    [
      -0.7581676840782166,
      0.12933140993118286,
      -0.6391050219535828,
      -2.8643953800201416
    ],
    [
      -0.6520596742630005,
      -0.15037700533866882,
      0.7431049346923828,
      1.4215015172958374
    ],
    [
      1.06813686784335e-07,
      0.9801326990127563,
      0.19834277033805847,
      1.5492498874664307
    ],
    [
      0.0,
      0.0,
      0.0,
      1.0
    ]
  ],
  "c2w_opencv": [
    [
      -0.7581676840782166,
      -0.12933140993118286,
      0.6391050219535828,
      -2.8643953800201416
    ],
    [
      -0.6520596742630005,
      0.15037700533866882,
      -0.7431049346923828,
      1.4215015172958374
    ],
    [
      1.06813686784335e-07,
      -0.9801326990127563,
      -0.19834277033805847,
      1.5492498874664307
    ],
    [
      0.0,
      0.0,
      0.0,
      1.0
    ]
  ],
  "znear": 0.10000000149011612,
  "zfar": 100.0
}