{
  "camera_name": "Camera",
  "camera_type": "PERSP",
  "width": 1920,
  "height": 1080,
  "fx": 2666.6666666666665,
  "fy": 2666.6666666666665,
  "cx": 960.0,
  "cy": 540.0,
  "aspect_ratio": 1.7777777777777777,
  "K": [
    [
      2666.6666666666665,
      0,
      960.0
    ],
    [
      0,
      2666.6666666666665,
      540.0
    ],
    [
      0,
      0,
      1
    ]
  ],
  "c2w_blender": [
    [
      -0.001887602498754859,
      0.12083456665277481,
      -0.9926708936691284,
      -7.160106182098389
    ],
    [
      -0.9999982118606567,
      -0.00022837000142317265,
      0.0018737369682639837,
      0.8101107478141785
    ],
    [
      -2.8405554530763766e-07,
      0.9926726222038269,
      0.12083478271961212,
      1.4770770072937012
    ],
    [
      0.0,
      0.0,
      0.0,
      1.0
    ]
  ],
  "c2w_opencv": [
    [
      -0.001887602498754859,
      -0.12083456665277481,
      0.9926708936691284,
      -7.160106182098389
    ],
    [
      -0.9999982118606567,
      0.00022837000142317265,
      -0.0018737369682639837,
      0.8101107478141785
    ],
    [
      -2.8405554530763766e-07,
      -0.9926726222038269,
      -0.12083478271961212,
      1.4770770072937012
    ],
    [
      0.0,
      0.0,
      0.0,
      1.0
    ]
  ],
  "znear": 0.10000000149011612,
  "zfar": 100.0
}