{
  "camera_name": "Camera",
  "camera_type": "PERSP",
  "width": 1920,
  "height": 1080,
  "fx": 1920.0,
  "fy": 1920.0,
  "cx": 960.0,
  "cy": 540.0,
  "aspect_ratio": 1.7777777777777777,
  "K": [
    [
      1920.0,
      0,
      960.0
    ],
    [
      0,
      1920.0,
      540.0
    ],
    [
      0,
      0,
      1
    ]
  ],
  "c2w_blender": [
    [
      -0.16863799095153809,
      0.165044903755188,
      -0.9717620015144348,
      -6.257081031799316
    ],
    [
      -0.9856780767440796,
      -0.02823518216609955,
      0.16625747084617615,
      -2.8841607570648193
    ],
    [
      2.0715369828394614e-06,
      0.9858818054199219,
      0.1674426645040512,
      1.6703269481658936
    ],
    [
      0.0,
      0.0,
      0.0,
      1.0
    ]
  ],
  "c2w_opencv": [
    [
      -0.16863799095153809,
      -0.165044903755188,
      0.9717620015144348,
      -6.257081031799316
    ],
    [
      -0.9856780767440796,
      0.02823518216609955,
      -0.16625747084617615,
      -2.8841607570648193
    ],
    [
      2.0715369828394614e-06,
      -0.9858818054199219,
      -0.1674426645040512,
      1.6703269481658936
    ],
    [
      0.0,
      0.0,
      0.0,
      1.0
    ]
  ],
  "znear": 0.10000000149011612,
  "zfar": 100.0
}