{
  "camera_name": "Camera",
  "camera_type": "PERSP",
  "width": 1920,
  "height": 1080,
  "fx": 1866.6666666666667,
  "fy": 1866.6666666666667,
  "cx": 960.0,
  "cy": 540.0,
  "aspect_ratio": 1.7777777777777777,
  "K": [
    [
      1866.6666666666667,
      0,
      960.0
    ],
    [
      0,
      1866.6666666666667,
      540.0
    ],
    [
      0,
      0,
      1
    ]
  ],
  "c2w_blender": [
    [
      -0.9727727770805359,
      0.05425191670656204,
      -0.2253216803073883,
      -1.9441373348236084
    ],
    [
      -0.2317609339952469,
      -0.2277086079120636,
      0.9457460641860962,
      2.60418963432312
    ],
    [
      8.529222554898297e-07,
      0.972216784954071,
      0.2340822070837021,
      2.1629929542541504
    ],
    [
      0.0,
      0.0,
      0.0,
      1.0
    ]
  ],
  "c2w_opencv": [
    [
      -0.9727727770805359,
      -0.05425191670656204,
      0.2253216803073883,
      -1.9441373348236084
    ],
    [
      -0.2317609339952469,
      0.2277086079120636,
      -0.9457460641860962,
      2.60418963432312
    ],
    [
      8.529222554898297e-07,
      -0.972216784954071,
      -0.2340822070837021,
      2.1629929542541504
    ],
    [
      0.0,
      0.0,
      0.0,
      1.0
    ]
  ],
  "znear": 0.10000000149011612,
  "zfar": 100.0
}