{
  "camera_name": "Camera",
  "camera_type": "PERSP",
  "width": 1920,
  "height": 1080,
  "fx": 1813.3333333333333,
  "fy": 1813.3333333333333,
  "cx": 960.0,
  "cy": 540.0,
  "aspect_ratio": 1.7777777777777777,
  "K": [
    [
      1813.3333333333333,
      0,
      960.0
    ],
    [
      0,
      1813.3333333333333,
      540.0
    ],
    [
      0,
      0,
      1
    ]
  ],
  "c2w_blender": [
    [
      -0.024395767599344254,
      -0.2289499193429947,
      0.9731324315071106,
      1.8748139142990112
    ],
    [
      0.9997023940086365,
      -0.005586170591413975,
      0.02374759316444397,
      -0.05904422700405121
    ],
    [
      -9.255390978069045e-07,
      0.9734221696853638,
      0.22901804745197296,
      1.8500429391860962
    ],
    [
      0.0,
      0.0,
      0.0,
      1.0
    ]
  ],
  "c2w_opencv": [
    [
      -0.024395767599344254,
      0.2289499193429947,
      -0.9731324315071106,
      1.8748139142990112
    ],
    [
      0.9997023940086365,
      0.005586170591413975,
      -0.02374759316444397,
      -0.05904422700405121
    ],
    [
      -9.255390978069045e-07,
      -0.9734221696853638,
      -0.22901804745197296,
      1.8500429391860962
    ],
    [
      0.0,
      0.0,
      0.0,
      1.0
    ]
  ],
  "znear": 0.10000000149011612,
  "zfar": 100.0
}