{
  "camera_name": "Camera",
  "camera_type": "PERSP",
  "width": 1920,
  "height": 1080,
  "fx": 960.0,
  "fy": 960.0,
  "cx": 960.0,
  "cy": 540.0,
  "aspect_ratio": 1.7777777777777777,
  "K": [
    [
      960.0,
      0,
      960.0
    ],
    [
      0,
      960.0,
      540.0
    ],
    [
      0,
      0,
      1
    ]
  ],
  "c2w_blender": [
    [
      0.9245904088020325,
      -0.06379126757383347,
      0.3755839169025421,
      0.09276680648326874
    ],
    [
      0.3809627294540405,
      0.1548158824443817,
      -0.9115368723869324,
      -2.058537006378174
    ],
    [
      1.737192064865667e-06,
      0.9858816862106323,
      0.16744336485862732,
      1.4950673580169678
    ],
    [
      0.0,
      0.0,
      0.0,
      1.0
    ]
  ],
  "c2w_opencv": [
    [
      0.9245904088020325,
      0.06379126757383347,
      -0.3755839169025421,
      0.09276680648326874
    ],
    [
      0.3809627294540405,
      -0.1548158824443817,
      0.9115368723869324,
      -2.058537006378174
    ],
    [
      1.737192064865667e-06,
      -0.9858816862106323,
      -0.16744336485862732,
      1.4950673580169678
    ],
    [
      0.0,
      0.0,
      0.0,
      1.0
    ]
  ],
  "znear": 0.10000000149011612,
  "zfar": 100.0
}