{
  "camera_name": "Camera",
  "camera_type": "PERSP",
  "width": 1920,
  "height": 1080,
  "fx": 2666.6666666666665,
  "fy": 2666.6666666666665,
  "cx": 960.0,
  "cy": 540.0,
  "aspect_ratio": 1.7777777777777777,
  "K": [
    [
      2666.6666666666665,
      0,
      960.0
    ],
    [
      0,
      2666.6666666666665,
      540.0
    ],
    [
      0,
      0,
      1
    ]
  ],
  "c2w_blender": [
    [
      -0.01756814867258072,
      0.09998982399702072,
      -0.9948333501815796,
      -9.661877632141113
    ],
    [
      -0.9998456835746765,
      -0.001757599413394928,
      0.01748000830411911,
      0.2911742031574249
    ],
    [
      -6.955058893254318e-07,
      0.994986891746521,
      0.10000526905059814,
      1.6076278686523438
    ],
    [
      0.0,
      0.0,
      0.0,
      1.0
    ]
  ],
  "c2w_opencv": [
    [
      -0.01756814867258072,
      -0.09998982399702072,
      0.9948333501815796,
      -9.661877632141113
    ],
    [
      -0.9998456835746765,
      0.001757599413394928,
      -0.01748000830411911,
      0.2911742031574249
    ],
    [
      -6.955058893254318e-07,
      -0.994986891746521,
      -0.10000526905059814,
      1.6076278686523438
    ],
    [
      0.0,
      0.0,
      0.0,
      1.0
    ]
  ],
  "znear": 0.10000000149011612,
  "zfar": 100.0
}