{
  "camera_name": "Camera",
  "camera_type": "PERSP",
  "width": 1920,
  "height": 1080,
  "fx": 2666.6666666666665,
  "fy": 2666.6666666666665,
  "cx": 960.0,
  "cy": 540.0,
  "aspect_ratio": 1.7777777777777777,
  "K": [
    [
      2666.6666666666665,
      0,
      960.0
    ],
    [
      0,
      2666.6666666666665,
      540.0
    ],
    [
      0,
      0,
      1
    ]
  ],
  "c2w_blender": [
    [
      -0.9999945163726807,
      0.00017530383775010705,
      -0.003306180937215686,
      1.063018560409546
    ],
    [
      -0.0033108254428952932,
      -0.053031373769044876,
      0.9985873699188232,
      8.9658203125
    ],
    [
      -2.751268084466574e-07,
      0.9985928535461426,
      0.053031664341688156,
      1.3586177825927734
    ],
    [
      0.0,
      0.0,
      0.0,
      1.0
    ]
  ],
  "c2w_opencv": [
    [
      -0.9999945163726807,
      -0.00017530383775010705,
      0.003306180937215686,
      1.063018560409546
    ],
    [
      -0.0033108254428952932,
      0.053031373769044876,
      -0.9985873699188232,
      8.9658203125
    ],
    [
      -2.751268084466574e-07,
      -0.9985928535461426,
      -0.053031664341688156,
      1.3586177825927734
    ],
    [
      0.0,
      0.0,
      0.0,
      1.0
    ]
  ],
  "znear": 0.10000000149011612,
  "zfar": 100.0
}