{
  "camera_name": "Camera",
  "camera_type": "PERSP",
  "width": 1920,
  "height": 1080,
  "fx": 2666.6666666666665,
  "fy": 2666.6666666666665,
  "cx": 960.0,
  "cy": 540.0,
  "aspect_ratio": 1.7777777777777777,
  "K": [
    [
      2666.6666666666665,
      0,
      960.0
    ],
    [
      0,
      2666.6666666666665,
      540.0
    ],
    [
      0,
      0,
      1
    ]
  ],
  "c2w_blender": [
    [
      -0.9952349066734314,
      0.005680274683982134,
      -0.09734057635068893,
      -2.9543745517730713
    ],
    [
      -0.09750617295503616,
      -0.057987622916698456,
      0.9935441613197327,
      4.738652229309082
    ],
    [
      -9.452564313505718e-07,
      0.9983011484146118,
      0.058265168219804764,
      1.2077792882919312
    ],
    [
      0.0,
      0.0,
      0.0,
      1.0
    ]
  ],
  "c2w_opencv": [
    [
      -0.9952349066734314,
      -0.005680274683982134,
      0.09734057635068893,
      -2.9543745517730713
    ],
    [
      -0.09750617295503616,
      0.057987622916698456,
      -0.9935441613197327,
      4.738652229309082
    ],
    [
      -9.452564313505718e-07,
      -0.9983011484146118,
      -0.058265168219804764,
      1.2077792882919312
    ],
    [
      0.0,
      0.0,
      0.0,
      1.0
    ]
  ],
  "znear": 0.10000000149011612,
  "zfar": 100.0
}