{
  "camera_name": "Camera",
  "camera_type": "PERSP",
  "width": 1920,
  "height": 1080,
  "fx": 2666.6666666666665,
  "fy": 2666.6666666666665,
  "cx": 960.0,
  "cy": 540.0,
  "aspect_ratio": 1.7777777777777777,
  "K": [
    [
      2666.6666666666665,
      0,
      960.0
    ],
    [
      0,
      2666.6666666666665,
      540.0
    ],
    [
      0,
      0,
      1
    ]
  ],
  "c2w_blender": [
    [
      -0.9989755153656006,
      0.0019215090433135629,
      -0.04521378129720688,
      -20.829017639160156
    ],
    [
      -0.04525459185242653,
      -0.042530860751867294,
      0.998069703578949,
      4.5125837326049805
    ],
    [
      -5.181067990633892e-06,
      0.9990932941436768,
      0.04257424548268318,
      1.5111006498336792
    ],
    [
      0.0,
      0.0,
      0.0,
      1.0
    ]
  ],
  "c2w_opencv": [
    [
      -0.9989755153656006,
      -0.0019215090433135629,
      0.04521378129720688,
      -20.829017639160156
    ],
    [
      -0.04525459185242653,
      0.042530860751867294,
      -0.998069703578949,
      4.5125837326049805
    ],
    [
      -5.181067990633892e-06,
      -0.9990932941436768,
      -0.04257424548268318,
      1.5111006498336792
    ],
    [
      0.0,
      0.0,
      0.0,
      1.0
    ]
  ],
  "znear": 0.10000000149011612,
  "zfar": 100.0
}