{
  "camera_name": "Camera",
  "camera_type": "PERSP",
  "width": 1920,
  "height": 1080,
  "fx": 2666.6666666666665,
  "fy": 2666.6666666666665,
  "cx": 960.0,
  "cy": 540.0,
  "aspect_ratio": 1.7777777777777777,
  "K": [
    [
      2666.6666666666665,
      0,
      960.0
    ],
    [
      0,
      2666.6666666666665,
      540.0
    ],
    [
      0,
      0,
      1
    ]
  ],
  "c2w_blender": [
    [
      0.9999237060546875,
      0.0027653288561850786,
      -0.012040402740240097,
      0.5624150037765503
    ],
    [
      -0.01235388033092022,
      0.22391343116760254,
      -0.9745307564735413,
      -8.121858596801758
    ],
    [
      1.1099740504505462e-06,
      0.974605143070221,
      0.2239305078983307,
      2.1866137981414795
    ],
    [
      0.0,
      0.0,
      0.0,
      1.0
    ]
  ],
  "c2w_opencv": [
    [
      0.9999237060546875,
      -0.0027653288561850786,
      0.012040402740240097,
      0.5624150037765503
    ],
    [
      -0.01235388033092022,
      -0.22391343116760254,
      0.9745307564735413,
      -8.121858596801758
    ],
    [
      1.1099740504505462e-06,
      -0.974605143070221,
      -0.2239305078983307,
      2.1866137981414795
    ],
    [
      0.0,
      0.0,
      0.0,
      1.0
    ]
  ],
  "znear": 0.10000000149011612,
  "zfar": 100.0
}