{
  "camera_name": "Camera",
  "camera_type": "PERSP",
  "width": 1920,
  "height": 1080,
  "fx": 1866.6666666666667,
  "fy": 1866.6666666666667,
  "cx": 960.0,
  "cy": 540.0,
  "aspect_ratio": 1.7777777777777777,
  "K": [
    [
      1866.6666666666667,
      0,
      960.0
    ],
    [
      0,
      1866.6666666666667,
      540.0
    ],
    [
      0,
      0,
      1
    ]
  ],
  "c2w_blender": [
    [
      0.9449935555458069,
      -0.07824309170246124,
      0.31759288907051086,
      -0.5333670973777771
    ],
    [
      0.32708901166915894,
      0.22604945302009583,
      -0.9175589680671692,
      -3.061826467514038
    ],
    [
      9.475354545429582e-07,
      0.9709684252738953,
      0.23920772969722748,
      1.6093776226043701
    ],
    [
      0.0,
      0.0,
      0.0,
      1.0
    ]
  ],
  "c2w_opencv": [
    [
      0.9449935555458069,
      0.07824309170246124,
      -0.31759288907051086,
      -0.5333670973777771
    ],
    [
      0.32708901166915894,
      -0.22604945302009583,
      0.9175589680671692,
      -3.061826467514038
    ],
    [
      9.475354545429582e-07,
      -0.9709684252738953,
      -0.23920772969722748,
      1.6093776226043701
    ],
    [
      0.0,
      0.0,
      0.0,
      1.0
    ]
  ],
  "znear": 0.10000000149011612,
  "zfar": 100.0
}