{
  "camera_name": "Camera",
  "camera_type": "PERSP",
  "width": 1920,
  "height": 1080,
  "fx": 1280.0,
  "fy": 1280.0,
  "cx": 960.0,
  "cy": 540.0,
  "aspect_ratio": 1.7777777777777777,
  "K": [
    [
      1280.0,
      0,
      960.0
    ],
    [
      0,
      1280.0,
      540.0
    ],
    [
      0,
      0,
      1
    ]
  ],
  "c2w_blender": [
    [
      -0.9078080654144287,
      0.04848549887537956,
      -0.4165736734867096,
      1.0225486755371094
    ],
    [
      -0.4193858206272125,
      -0.10495301336050034,
      0.9017208218574524,
      2.642482280731201
    ],
    [
      -2.803978134124918e-07,
      0.9932945370674133,
      0.11561132967472076,
      1.1590616703033447
    ],
    [
      0.0,
      0.0,
      0.0,
      1.0
    ]
  ],
  "c2w_opencv": [
    [
      -0.9078080654144287,
      -0.04848549887537956,
      0.4165736734867096,
      1.0225486755371094
    ],
    [
      -0.4193858206272125,
      0.10495301336050034,
      -0.9017208218574524,
      2.642482280731201
    ],
    [
      -2.803978134124918e-07,
      -0.9932945370674133,
      -0.11561132967472076,
      1.1590616703033447
    ],
    [
      0.0,
      0.0,
      0.0,
      1.0
    ]
  ],
  "znear": 0.10000000149011612,
  "zfar": 100.0
}