{
  "camera_name": "Camera",
  "camera_type": "PERSP",
  "width": 1920,
  "height": 1080,
  "fx": 2666.6666666666665,
  "fy": 2666.6666666666665,
  "cx": 960.0,
  "cy": 540.0,
  "aspect_ratio": 1.7777777777777777,
  "K": [
    [
      2666.6666666666665,
      0,
      960.0
    ],
    [
      0,
      2666.6666666666665,
      540.0
    ],
    [
      0,
      0,
      1
    ]
  ],
  "c2w_blender": [
    [
      0.9999746680259705,
      0.0018112774705514312,
      -0.006885758135467768,
      -1.0007803440093994
    ],
    [
      -0.0071199992671608925,
      0.2544230818748474,
      -0.9670668244361877,
      -8.276183128356934
    ],
    [
      2.6939102326650755e-07,
      0.9670913219451904,
      0.25442951917648315,
      2.057455062866211
    ],
    [
      0.0,
      0.0,
      0.0,
      1.0
    ]
  ],
  "c2w_opencv": [
    [
      0.9999746680259705,
      -0.0018112774705514312,
      0.006885758135467768,
      -1.0007803440093994
    ],
    [
      -0.0071199992671608925,
      -0.2544230818748474,
      0.9670668244361877,
      -8.276183128356934
    ],
    [
      2.6939102326650755e-07,
      -0.9670913219451904,
      -0.25442951917648315,
      2.057455062866211
    ],
    [
      0.0,
      0.0,
      0.0,
      1.0
    ]
  ],
  "znear": 0.10000000149011612,
  "zfar": 100.0
}