{
  "camera_name": "Camera",
  "camera_type": "PERSP",
  "width": 1920,
  "height": 1080,
  "fx": 960.0,
  "fy": 960.0,
  "cx": 960.0,
  "cy": 540.0,
  "aspect_ratio": 1.7777777777777777,
  "K": [
    [
      960.0,
      0,
      960.0
    ],
    [
      0,
      960.0,
      540.0
    ],
    [
      0,
      0,
      1
    ]
  ],
  "c2w_blender": [
    [
      -0.17009471356868744,
      -0.15482483804225922,
      0.973189115524292,
      0.5236032009124756
    ],
    [
      0.985427737236023,
      -0.026724649593234062,
      0.16798214614391327,
      -0.9116361737251282
    ],
    [
      3.2975253816402983e-07,
      0.987580418586731,
      0.1571144014596939,
      1.3692022562026978
    ],
    [
      0.0,
      0.0,
      0.0,
      1.0
    ]
  ],
  "c2w_opencv": [
    [
      -0.17009471356868744,
      0.15482483804225922,
      -0.973189115524292,
      0.5236032009124756
    ],
    [
      0.985427737236023,
      0.026724649593234062,
      -0.16798214614391327,
      -0.9116361737251282
    ],
    [
      3.2975253816402983e-07,
      -0.987580418586731,
      -0.1571144014596939,
      1.3692022562026978
    ],
    [
      0.0,
      0.0,
      0.0,
      1.0
    ]
  ],
  "znear": 0.10000000149011612,
  "zfar": 100.0
}