{
    "resolution": {
        "width": 823,
        "height": 671
    },
    "intrinsics": {
        "focal_length_mm": 50.0,
        "focal_length_px": 1143.0555555555554,
        "cx": 411.5,
        "cy": 335.5,
        "K": [
            [
                1143.0555419921875,
                0.0,
                411.5
            ],
            [
                0.0,
                1143.0555419921875,
                335.5
            ],
            [
                0.0,
                0.0,
                1.0
            ]
        ]
    },
    "extrinsics": {
        "view_matrix_world_to_cam": [
            [
                0.40403029322624207,
                0.9147456288337708,
                -1.2411510397214442e-07,
                -0.028219278901815414
            ],
            [
                -0.40777426958084106,
                0.18010829389095306,
                0.8951430916786194,
                -1.9042531251907349
            ],
            [
                0.8188282251358032,
                -0.36166489124298096,
                0.4457789361476898,
                -17.986560821533203
            ],
            [
                0.0,
                0.0,
                0.0,
                1.0
            ]
        ],
        "cam_to_world": [
            [
                0.40403032302856445,
                -0.40777426958084106,
                0.8188282251358032,
                13.962800025939941
            ],
            [
                0.9147456288337708,
                0.18010829389095306,
                -0.36166486144065857,
                -6.136321544647217
            ],
            [
                -1.1920928955078125e-07,
                0.8951431512832642,
                0.4457789659500122,
                9.722609519958496
            ],
            [
                -0.0,
                0.0,
                -0.0,
                1.0
            ]
        ],
        "rotation": [
            [
                0.40403032302856445,
                -0.40777426958084106,
                0.8188282251358032
            ],
            [
                0.9147456288337708,
                0.18010829389095306,
                -0.36166486144065857
            ],
            [
                -1.1920928955078125e-07,
                0.8951431512832642,
                0.4457789659500122
            ]
        ],
        "translation": [
            13.962800025939941,
            -6.136321544647217,
            9.722609519958496
        ]
    }
}