{
  "camera_name": "Camera",
  "camera_type": "PERSP",
  "width": 1920,
  "height": 1080,
  "fx": 2666.6666666666665,
  "fy": 2666.6666666666665,
  "cx": 960.0,
  "cy": 540.0,
  "aspect_ratio": 1.7777777777777777,
  "K": [
    [
      2666.6666666666665,
      0,
      960.0
    ],
    [
      0,
      2666.6666666666665,
      540.0
    ],
    [
      0,
      0,
      1
    ]
  ],
  "c2w_blender": [
    [
      -0.9766443967819214,
      -0.01588664948940277,
      0.2142740786075592,
      -0.22823402285575867
    ],
    [
      0.21486221253871918,
      -0.0722130686044693,
      0.9739710092544556,
      5.098561763763428
    ],
    [
      2.5265669023610826e-07,
      0.997262716293335,
      0.07393992692232132,
      1.3884118795394897
    ],
    [
      0.0,
      0.0,
      0.0,
      1.0
    ]
  ],
  "c2w_opencv": [
    [
      -0.9766443967819214,
      0.01588664948940277,
      -0.2142740786075592,
      -0.22823402285575867
    ],
    [
      0.21486221253871918,
      0.0722130686044693,
      -0.9739710092544556,
      5.098561763763428
    ],
    [
      2.5265669023610826e-07,
      -0.997262716293335,
      -0.07393992692232132,
      1.3884118795394897
    ],
    [
      0.0,
      0.0,
      0.0,
      1.0
    ]
  ],
  "znear": 0.10000000149011612,
  "zfar": 100.0
}