{"loc": [-1.1758503913879395, 2.5271875858306885, 1.575868844985962], "rot": [7.650874137878418, -2.791737415464013e-06, 3.127530097961426], "focal_length": 24.0}