{
  "camera_name": "Camera",
  "camera_type": "PERSP",
  "width": 1920,
  "height": 1080,
  "fx": 960.0,
  "fy": 960.0,
  "cx": 960.0,
  "cy": 540.0,
  "aspect_ratio": 1.7777777777777777,
  "K": [
    [
      960.0,
      0,
      960.0
    ],
    [
      0,
      960.0,
      540.0
    ],
    [
      0,
      0,
      1
    ]
  ],
  "c2w_blender": [
    [
      -0.8396501541137695,
      0.10771352797746658,
      -0.5323395729064941,
      4.039230823516846
    ],
    [
      -0.5431276559829712,
      -0.16652147471904755,
      0.8229720592498779,
      0.599788248538971
    ],
    [
      -7.51740344639984e-07,
      0.9801369309425354,
      0.19832198321819305,
      1.4790892601013184
    ],
    [
      0.0,
      0.0,
      0.0,
      1.0
    ]
  ],
  "c2w_opencv": [
    [
      -0.8396501541137695,
      -0.10771352797746658,
      0.5323395729064941,
      4.039230823516846
    ],
    [
      -0.5431276559829712,
      0.16652147471904755,
      -0.8229720592498779,
      0.599788248538971
    ],
    [
      -7.51740344639984e-07,
      -0.9801369309425354,
      -0.19832198321819305,
      1.4790892601013184
    ],
    [
      0.0,
      0.0,
      0.0,
      1.0
    ]
  ],
  "znear": 0.10000000149011612,
  "zfar": 100.0
}