{
  "camera_name": "Camera",
  "camera_type": "PERSP",
  "width": 1920,
  "height": 1080,
  "fx": 960.0,
  "fy": 960.0,
  "cx": 960.0,
  "cy": 540.0,
  "aspect_ratio": 1.7777777777777777,
  "K": [
    [
      960.0,
      0,
      960.0
    ],
    [
      0,
      960.0,
      540.0
    ],
    [
      0,
      0,
      1
    ]
  ],
  "c2w_blender": [
    [
      0.0019512283615767956,
      -0.28965523838996887,
      0.9571290612220764,
      10.895508766174316
    ],
    [
      0.9999980926513672,
      0.0005631850217469037,
      -0.0018681860528886318,
      0.5097121596336365
    ],
    [
      2.089103190883179e-06,
      0.9571309089660645,
      0.28965577483177185,
      1.7011387348175049
    ],
    [
      0.0,
      0.0,
      0.0,
      1.0
    ]
  ],
  "c2w_opencv": [
    [
      0.0019512283615767956,
      0.28965523838996887,
      -0.9571290612220764,
      10.895508766174316
    ],
    [
      0.9999980926513672,
      -0.0005631850217469037,
      0.0018681860528886318,
      0.5097121596336365
    ],
    [
      2.089103190883179e-06,
      -0.9571309089660645,
      -0.28965577483177185,
      1.7011387348175049
    ],
    [
      0.0,
      0.0,
      0.0,
      1.0
    ]
  ],
  "znear": 0.10000000149011612,
  "zfar": 100.0
}