{
  "camera_name": "Camera",
  "camera_type": "PERSP",
  "width": 1920,
  "height": 1080,
  "fx": 1600.0,
  "fy": 1600.0,
  "cx": 960.0,
  "cy": 540.0,
  "aspect_ratio": 1.7777777777777777,
  "K": [
    [
      1600.0,
      0,
      960.0
    ],
    [
      0,
      1600.0,
      540.0
    ],
    [
      0,
      0,
      1
    ]
  ],
  "c2w_blender": [
    [
      0.028110627084970474,
      -0.09475425630807877,
      0.9951037168502808,
      7.423610210418701
    ],
    [
      0.9996048212051392,
      0.0026663020253181458,
      -0.0279838927090168,
      -1.736903429031372
    ],
    [
      -1.6541383729418158e-06,
      0.9954971075057983,
      0.09479176253080368,
      1.2149717807769775
    ],
    [
      0.0,
      0.0,
      0.0,
      1.0
    ]
  ],
  "c2w_opencv": [
    [
      0.028110627084970474,
      0.09475425630807877,
      -0.9951037168502808,
      7.423610210418701
    ],
    [
      0.9996048212051392,
      -0.0026663020253181458,
      0.0279838927090168,
      -1.736903429031372
    ],
    [
      -1.6541383729418158e-06,
      -0.9954971075057983,
      -0.09479176253080368,
      1.2149717807769775
    ],
    [
      0.0,
      0.0,
      0.0,
      1.0
    ]
  ],
  "znear": 0.10000000149011612,
  "zfar": 100.0
}