{
  "camera_name": "Camera",
  "camera_type": "PERSP",
  "width": 1920,
  "height": 1080,
  "fx": 1280.0,
  "fy": 1280.0,
  "cx": 960.0,
  "cy": 540.0,
  "aspect_ratio": 1.7777777777777777,
  "K": [
    [
      1280.0,
      0,
      960.0
    ],
    [
      0,
      1280.0,
      540.0
    ],
    [
      0,
      0,
      1
    ]
  ],
  "c2w_blender": [
    [
      -0.9996032118797302,
      -0.005438194144517183,
      0.027638200670480728,
      -2.0266337394714355
    ],
    [
      0.02816813811659813,
      -0.19309093058109283,
      0.9807764291763306,
      1.1542538404464722
    ],
    [
      3.032726453966461e-06,
      0.9811658263206482,
      0.19316749274730682,
      1.3746006488800049
    ],
    [
      0.0,
      0.0,
      0.0,
      1.0
    ]
  ],
  "c2w_opencv": [
    [
      -0.9996032118797302,
      0.005438194144517183,
      -0.027638200670480728,
      -2.0266337394714355
    ],
    [
      0.02816813811659813,
      0.19309093058109283,
      -0.9807764291763306,
      1.1542538404464722
    ],
    [
      3.032726453966461e-06,
      -0.9811658263206482,
      -0.19316749274730682,
      1.3746006488800049
    ],
    [
      0.0,
      0.0,
      0.0,
      1.0
    ]
  ],
  "znear": 0.10000000149011612,
  "zfar": 100.0
}