{
  "camera_name": "Camera",
  "camera_type": "PERSP",
  "width": 1920,
  "height": 1080,
  "fx": 1866.6666666666667,
  "fy": 1866.6666666666667,
  "cx": 960.0,
  "cy": 540.0,
  "aspect_ratio": 1.7777777777777777,
  "K": [
    [
      1866.6666666666667,
      0,
      960.0
    ],
    [
      0,
      1866.6666666666667,
      540.0
    ],
    [
      0,
      0,
      1
    ]
  ],
  "c2w_blender": [
    [
      0.019052859395742416,
      0.04778532683849335,
      -0.9986758828163147,
      -2.354581832885742
    ],
    [
      -0.9998185038566589,
      0.0009148868848569691,
      -0.01903088018298149,
      0.10222916305065155
    ],
    [
      4.278638698451687e-06,
      0.9988572001457214,
      0.04779408499598503,
      1.3426036834716797
    ],
    [
      0.0,
      0.0,
      0.0,
      1.0
    ]
  ],
  "c2w_opencv": [
    [
      0.019052859395742416,
      -0.04778532683849335,
      0.9986758828163147,
      -2.354581832885742
    ],
    [
      -0.9998185038566589,
      -0.0009148868848569691,
      0.01903088018298149,
      0.10222916305065155
    ],
    [
      4.278638698451687e-06,
      -0.9988572001457214,
      -0.04779408499598503,
      1.3426036834716797
    ],
    [
      0.0,
      0.0,
      0.0,
      1.0
    ]
  ],
  "znear": 0.10000000149011612,
  "zfar": 100.0
}