{
  "camera_name": "Camera",
  "camera_type": "PERSP",
  "width": 1920,
  "height": 1080,
  "fx": 960.0,
  "fy": 960.0,
  "cx": 960.0,
  "cy": 540.0,
  "aspect_ratio": 1.7777777777777777,
  "K": [
    [
      960.0,
      0,
      960.0
    ],
    [
      0,
      960.0,
      540.0
    ],
    [
      0,
      0,
      1
    ]
  ],
  "c2w_blender": [
    [
      0.9999746680259705,
      0.0012648841366171837,
      -0.007006925065070391,
      -0.6294652223587036
    ],
    [
      -0.007120177615433931,
      0.17775359749794006,
      -0.9840492606163025,
      -5.103501319885254
    ],
    [
      7.977599238984112e-07,
      0.9840742349624634,
      0.1777580976486206,
      1.384613037109375
    ],
    [
      0.0,
      0.0,
      0.0,
      1.0
    ]
  ],
  "c2w_opencv": [
    [
      0.9999746680259705,
      -0.0012648841366171837,
      0.007006925065070391,
      -0.6294652223587036
    ],
    [
      -0.007120177615433931,
      -0.17775359749794006,
      0.9840492606163025,
      -5.103501319885254
    ],
    [
      7.977599238984112e-07,
      -0.9840742349624634,
      -0.1777580976486206,
      1.384613037109375
    ],
    [
      0.0,
      0.0,
      0.0,
      1.0
    ]
  ],
  "znear": 0.10000000149011612,
  "zfar": 100.0
}