{
  "camera_name": "Camera",
  "camera_type": "PERSP",
  "width": 1920,
  "height": 1080,
  "fx": 2666.6666666666665,
  "fy": 2666.6666666666665,
  "cx": 960.0,
  "cy": 540.0,
  "aspect_ratio": 1.7777777777777777,
  "K": [
    [
      2666.6666666666665,
      0,
      960.0
    ],
    [
      0,
      2666.6666666666665,
      540.0
    ],
    [
      0,
      0,
      1
    ]
  ],
  "c2w_blender": [
    [
      -0.9998461008071899,
      -0.0010227502789348364,
      0.017514877021312714,
      0.3471258580684662
    ],
    [
      0.017544712871313095,
      -0.05825202539563179,
      0.99814772605896,
      9.355111122131348
    ],
    [
      -5.787629220321833e-07,
      0.9983013868331909,
      0.05826100334525108,
      1.4915592670440674
    ],
    [
      0.0,
      0.0,
      0.0,
      1.0
    ]
  ],
  "c2w_opencv": [
    [
      -0.9998461008071899,
      0.0010227502789348364,
      -0.017514877021312714,
      0.3471258580684662
    ],
    [
      0.017544712871313095,
      0.05825202539563179,
      -0.99814772605896,
      9.355111122131348
    ],
    [
      -5.787629220321833e-07,
      -0.9983013868331909,
      -0.05826100334525108,
      1.4915592670440674
    ],
    [
      0.0,
      0.0,
      0.0,
      1.0
    ]
  ],
  "znear": 0.10000000149011612,
  "zfar": 100.0
}